<?xml version="1.0" encoding="UTF-8" ?>
<!-- This is a WordPress eXtended RSS file generated by WordPress as an export of your site. -->
<!-- It contains information about your site's posts, pages, comments, categories, and other content. -->
<!-- You may use this file to transfer that content from one site to another. -->
<!-- This file is not intended to serve as a complete backup of your site. -->

<!-- To import this information into a WordPress site follow these steps: -->
<!-- 1. Log in to that site as an administrator. -->
<!-- 2. Go to Tools: Import in the WordPress admin panel. -->
<!-- 3. Install the "WordPress" importer from the list. -->
<!-- 4. Activate & Run Importer. -->
<!-- 5. Upload this file using the form provided on that page. -->
<!-- 6. You will first be asked to map the authors in this export file to users -->
<!--    on the site. For each author, you may choose to map to an -->
<!--    existing user on the site or to create a new user. -->
<!-- 7. WordPress will then import each of the posts, pages, comments, categories, etc. -->
<!--    contained in this file into your site. -->

<!-- generator="WordPress/4.3.1" created="2015-11-17 08:52" -->
<rss version="2.0"
	xmlns:excerpt="http://wordpress.org/export/1.1/excerpt/"
	xmlns:content="http://purl.org/rss/1.0/modules/content/"
	xmlns:wfw="http://wellformedweb.org/CommentAPI/"
	xmlns:dc="http://purl.org/dc/elements/1.1/"
	xmlns:wp="http://wordpress.org/export/1.1/"
>

<channel>
	<title>Promise Thai Land</title>
	<link>http://localhost.promise_cms</link>
	<description>Just another WordPress site</description>
	<pubDate>Tue, 17 Nov 2015 08:52:15 +0000</pubDate>
	<language></language>
	<wp:wxr_version>1.1</wp:wxr_version>
	<wp:base_site_url>http://localhost.promise_cms/cms</wp:base_site_url>
	<wp:base_blog_url>http://localhost.promise_cms</wp:base_blog_url>
	<wp:author><wp:author_id>1</wp:author_id><wp:author_login>admin</wp:author_login><wp:author_email>nvminhtu@gmail.com</wp:author_email><wp:author_display_name><![CDATA[admin]]></wp:author_display_name><wp:author_first_name><![CDATA[]]></wp:author_first_name><wp:author_last_name><![CDATA[]]></wp:author_last_name></wp:author>
	<item>
		<title>Common Service Point Box</title>
		<link>http://localhost.promise_cms/</link>
		<pubDate>Fri, 13 Nov 2015 09:02:54 +0000</pubDate>
		<dc:creator>admin</dc:creator>
		<guid isPermaLink="false">http://localhost.promise_cms/?post_type=acf&#038;p=327</guid>
		<wp:post_id>327</wp:post_id>
		<wp:post_date>2015-11-13 09:02:54</wp:post_date>
		<wp:post_date_gmt>2015-11-13 09:02:54</wp:post_date_gmt>
		<wp:comment_status>closed</wp:comment_status>
		<wp:ping_status>closed</wp:ping_status>
		<wp:post_name>acf_common-service-point-box</wp:post_name>
		<wp:status>publish</wp:status>
		<wp:post_parent>0</wp:post_parent>
		<wp:menu_order>0</wp:menu_order>
		<wp:post_type>acf</wp:post_type>
		<wp:post_password></wp:post_password>
		<wp:postmeta>
			<wp:meta_key>_edit_last</wp:meta_key>
			<wp:meta_value><![CDATA[1]]></wp:meta_value>
		</wp:postmeta>
		<wp:postmeta>
			<wp:meta_key>field_5645a37030278</wp:meta_key>
			<wp:meta_value><![CDATA[a:14:{s:3:"key";s:19:"field_5645a37030278";s:5:"label";s:7:"Address";s:4:"name";s:7:"address";s:4:"type";s:4:"text";s:12:"instructions";s:0:"";s:8:"required";s:1:"1";s:13:"default_value";s:0:"";s:11:"placeholder";s:7:"Address";s:7:"prepend";s:0:"";s:6:"append";s:0:"";s:10:"formatting";s:4:"html";s:9:"maxlength";s:0:"";s:17:"conditional_logic";a:3:{s:6:"status";s:1:"0";s:5:"rules";a:1:{i:0;a:3:{s:5:"field";s:4:"null";s:8:"operator";s:2:"==";s:5:"value";s:0:"";}}s:8:"allorany";s:3:"all";}s:8:"order_no";i:0;}]]></wp:meta_value>
		</wp:postmeta>
		<wp:postmeta>
			<wp:meta_key>field_5645a5f930279</wp:meta_key>
			<wp:meta_value><![CDATA[a:14:{s:3:"key";s:19:"field_5645a5f930279";s:5:"label";s:8:"Address2";s:4:"name";s:8:"address2";s:4:"type";s:4:"text";s:12:"instructions";s:0:"";s:8:"required";s:1:"1";s:13:"default_value";s:0:"";s:11:"placeholder";s:8:"Address2";s:7:"prepend";s:0:"";s:6:"append";s:0:"";s:10:"formatting";s:4:"html";s:9:"maxlength";s:0:"";s:17:"conditional_logic";a:3:{s:6:"status";s:1:"0";s:5:"rules";a:1:{i:0;a:3:{s:5:"field";s:4:"null";s:8:"operator";s:2:"==";s:5:"value";s:0:"";}}s:8:"allorany";s:3:"all";}s:8:"order_no";i:1;}]]></wp:meta_value>
		</wp:postmeta>
		<wp:postmeta>
			<wp:meta_key>field_5645a6483027a</wp:meta_key>
			<wp:meta_value><![CDATA[a:14:{s:3:"key";s:19:"field_5645a6483027a";s:5:"label";s:3:"Tel";s:4:"name";s:3:"tel";s:4:"type";s:4:"text";s:12:"instructions";s:0:"";s:8:"required";s:1:"0";s:13:"default_value";s:0:"";s:11:"placeholder";s:3:"Tel";s:7:"prepend";s:0:"";s:6:"append";s:0:"";s:10:"formatting";s:4:"html";s:9:"maxlength";s:0:"";s:17:"conditional_logic";a:3:{s:6:"status";s:1:"0";s:5:"rules";a:1:{i:0;a:3:{s:5:"field";s:4:"null";s:8:"operator";s:2:"==";s:5:"value";s:0:"";}}s:8:"allorany";s:3:"all";}s:8:"order_no";i:2;}]]></wp:meta_value>
		</wp:postmeta>
		<wp:postmeta>
			<wp:meta_key>field_5645a7093027b</wp:meta_key>
			<wp:meta_value><![CDATA[a:14:{s:3:"key";s:19:"field_5645a7093027b";s:5:"label";s:3:"Fax";s:4:"name";s:3:"fax";s:4:"type";s:4:"text";s:12:"instructions";s:0:"";s:8:"required";s:1:"0";s:13:"default_value";s:0:"";s:11:"placeholder";s:3:"Fax";s:7:"prepend";s:0:"";s:6:"append";s:0:"";s:10:"formatting";s:4:"html";s:9:"maxlength";s:0:"";s:17:"conditional_logic";a:3:{s:6:"status";s:1:"0";s:5:"rules";a:1:{i:0;a:3:{s:5:"field";s:4:"null";s:8:"operator";s:2:"==";s:5:"value";s:0:"";}}s:8:"allorany";s:3:"all";}s:8:"order_no";i:3;}]]></wp:meta_value>
		</wp:postmeta>
		<wp:postmeta>
			<wp:meta_key>position</wp:meta_key>
			<wp:meta_value><![CDATA[normal]]></wp:meta_value>
		</wp:postmeta>
		<wp:postmeta>
			<wp:meta_key>layout</wp:meta_key>
			<wp:meta_value><![CDATA[default]]></wp:meta_value>
		</wp:postmeta>
		<wp:postmeta>
			<wp:meta_key>hide_on_screen</wp:meta_key>
			<wp:meta_value><![CDATA[]]></wp:meta_value>
		</wp:postmeta>
		<wp:postmeta>
			<wp:meta_key>dfiFeatured</wp:meta_key>
			<wp:meta_value><![CDATA[a:1:{i:0;s:0:"";}]]></wp:meta_value>
		</wp:postmeta>
		<wp:postmeta>
			<wp:meta_key>field_564ad7bbe6140</wp:meta_key>
			<wp:meta_value><![CDATA[a:13:{s:3:"key";s:19:"field_564ad7bbe6140";s:5:"label";s:13:"Update Status";s:4:"name";s:13:"update_status";s:4:"type";s:5:"radio";s:12:"instructions";s:0:"";s:8:"required";s:1:"1";s:7:"choices";a:2:{s:3:"Yes";s:3:"Yes";s:2:"No";s:2:"No";}s:12:"other_choice";s:1:"0";s:17:"save_other_choice";s:1:"0";s:13:"default_value";s:3:"Yes";s:6:"layout";s:10:"horizontal";s:17:"conditional_logic";a:3:{s:6:"status";s:1:"0";s:5:"rules";a:1:{i:0;a:3:{s:5:"field";s:19:"field_564ad7bbe6140";s:8:"operator";s:2:"==";s:5:"value";s:3:"Yes";}}s:8:"allorany";s:3:"all";}s:8:"order_no";i:4;}]]></wp:meta_value>
		</wp:postmeta>
		<wp:postmeta>
			<wp:meta_key>rule</wp:meta_key>
			<wp:meta_value><![CDATA[a:5:{s:5:"param";s:9:"post_type";s:8:"operator";s:2:"==";s:5:"value";s:13:"service-point";s:8:"order_no";i:0;s:8:"group_no";i:0;}]]></wp:meta_value>
		</wp:postmeta>
	</item>
	<item>
		<title>PC Service Point Box</title>
		<link>http://localhost.promise_cms/</link>
		<pubDate>Fri, 13 Nov 2015 09:15:22 +0000</pubDate>
		<dc:creator>admin</dc:creator>
		<guid isPermaLink="false">http://localhost.promise_cms/?post_type=acf&#038;p=330</guid>
		<wp:post_id>330</wp:post_id>
		<wp:post_date>2015-11-13 09:15:22</wp:post_date>
		<wp:post_date_gmt>2015-11-13 09:15:22</wp:post_date_gmt>
		<wp:comment_status>closed</wp:comment_status>
		<wp:ping_status>closed</wp:ping_status>
		<wp:post_name>acf_pc-service-point-box</wp:post_name>
		<wp:status>publish</wp:status>
		<wp:post_parent>0</wp:post_parent>
		<wp:menu_order>0</wp:menu_order>
		<wp:post_type>acf</wp:post_type>
		<wp:post_password></wp:post_password>
		<wp:postmeta>
			<wp:meta_key>_edit_last</wp:meta_key>
			<wp:meta_value><![CDATA[1]]></wp:meta_value>
		</wp:postmeta>
		<wp:postmeta>
			<wp:meta_key>field_5645a7d0dae73</wp:meta_key>
			<wp:meta_value><![CDATA[a:12:{s:3:"key";s:19:"field_5645a7d0dae73";s:5:"label";s:8:"Category";s:4:"name";s:8:"category";s:4:"type";s:6:"select";s:12:"instructions";s:0:"";s:8:"required";s:1:"1";s:7:"choices";a:4:{s:36:"สำนักงานใหญ่";s:36:"สำนักงานใหญ่";s:12:"สึลม";s:12:"สึลม";s:97:"จุดให้บริการในกรุงเทพฯ และปริมณฑล";s:97:"จุดให้บริการในกรุงเทพฯ และปริมณฑล";s:91:"สาขา และจุดให้บริการต่างจังหวัด";s:91:"สาขา และจุดให้บริการต่างจังหวัด";}s:13:"default_value";s:0:"";s:10:"allow_null";s:1:"0";s:8:"multiple";s:1:"0";s:17:"conditional_logic";a:3:{s:6:"status";s:1:"0";s:5:"rules";a:1:{i:0;a:3:{s:5:"field";s:4:"null";s:8:"operator";s:2:"==";s:5:"value";s:0:"";}}s:8:"allorany";s:3:"all";}s:8:"order_no";i:0;}]]></wp:meta_value>
		</wp:postmeta>
		<wp:postmeta>
			<wp:meta_key>field_5645a933dae74</wp:meta_key>
			<wp:meta_value><![CDATA[a:12:{s:3:"key";s:19:"field_5645a933dae74";s:5:"label";s:10:"Prefecture";s:4:"name";s:10:"prefecture";s:4:"type";s:6:"select";s:12:"instructions";s:0:"";s:8:"required";s:1:"0";s:7:"choices";a:16:{s:39:"กรุงเทพมหานคร";s:39:"กรุงเทพมหานคร";s:18:"นครปฐม";s:18:"นครปฐม";s:24:"ปทุมธานี";s:24:"ปทุมธานี";s:33:"สมุทรปราการ";s:33:"สมุทรปราการ";s:27:"กาญจนบุรี";s:27:"กาญจนบุรี";s:27:"กำแพงเพชร";s:27:"กำแพงเพชร";s:21:"ขอนแก่น";s:21:"ขอนแก่น";s:24:"จันทบุรี";s:24:"จันทบุรี";s:30:"ฉะเชิงเทรา";s:30:"ฉะเชิงเทรา";s:18:"ชลบุรี";s:18:"ชลบุรี";s:24:"เชียงราย";s:24:"เชียงราย";s:27:"เชียงใหม่";s:27:"เชียงใหม่";s:12:"ตรัง";s:12:"ตรัง";s:30:"นครราชสีมา";s:30:"นครราชสีมา";s:39:"นครศรีธรรมราช";s:39:"นครศรีธรรมราช";s:27:"นครสวรรค์";s:27:"นครสวรรค์";}s:13:"default_value";s:10:"Prefecture";s:10:"allow_null";s:1:"0";s:8:"multiple";s:1:"0";s:17:"conditional_logic";a:3:{s:6:"status";s:1:"0";s:5:"rules";a:1:{i:0;a:3:{s:5:"field";s:19:"field_5645a7d0dae73";s:8:"operator";s:2:"==";s:5:"value";s:36:"สำนักงานใหญ่";}}s:8:"allorany";s:3:"all";}s:8:"order_no";i:1;}]]></wp:meta_value>
		</wp:postmeta>
		<wp:postmeta>
			<wp:meta_key>field_5645a9efdae75</wp:meta_key>
			<wp:meta_value><![CDATA[a:12:{s:3:"key";s:19:"field_5645a9efdae75";s:5:"label";s:8:"District";s:4:"name";s:8:"district";s:4:"type";s:6:"select";s:12:"instructions";s:0:"";s:8:"required";s:1:"0";s:7:"choices";a:1:{s:21:"ปทุมวัน";s:21:"ปทุมวัน";}s:13:"default_value";s:0:"";s:10:"allow_null";s:1:"1";s:8:"multiple";s:1:"0";s:17:"conditional_logic";a:3:{s:6:"status";s:1:"0";s:5:"rules";a:1:{i:0;a:3:{s:5:"field";s:19:"field_5645a7d0dae73";s:8:"operator";s:2:"==";s:5:"value";s:36:"สำนักงานใหญ่";}}s:8:"allorany";s:3:"all";}s:8:"order_no";i:2;}]]></wp:meta_value>
		</wp:postmeta>
		<wp:postmeta>
			<wp:meta_key>position</wp:meta_key>
			<wp:meta_value><![CDATA[normal]]></wp:meta_value>
		</wp:postmeta>
		<wp:postmeta>
			<wp:meta_key>layout</wp:meta_key>
			<wp:meta_value><![CDATA[default]]></wp:meta_value>
		</wp:postmeta>
		<wp:postmeta>
			<wp:meta_key>hide_on_screen</wp:meta_key>
			<wp:meta_value><![CDATA[]]></wp:meta_value>
		</wp:postmeta>
		<wp:postmeta>
			<wp:meta_key>dfiFeatured</wp:meta_key>
			<wp:meta_value><![CDATA[a:1:{i:0;s:0:"";}]]></wp:meta_value>
		</wp:postmeta>
		<wp:postmeta>
			<wp:meta_key>field_5645aa88bd7c6</wp:meta_key>
			<wp:meta_value><![CDATA[a:11:{s:3:"key";s:19:"field_5645aa88bd7c6";s:5:"label";s:16:"PIC (appearance)";s:4:"name";s:14:"pic_appearance";s:4:"type";s:5:"image";s:12:"instructions";s:0:"";s:8:"required";s:1:"0";s:11:"save_format";s:2:"id";s:12:"preview_size";s:4:"full";s:7:"library";s:3:"all";s:17:"conditional_logic";a:3:{s:6:"status";s:1:"0";s:5:"rules";a:1:{i:0;a:3:{s:5:"field";s:19:"field_5645a7d0dae73";s:8:"operator";s:2:"==";s:5:"value";s:36:"สำนักงานใหญ่";}}s:8:"allorany";s:3:"all";}s:8:"order_no";i:3;}]]></wp:meta_value>
		</wp:postmeta>
		<wp:postmeta>
			<wp:meta_key>field_5645aac3bd7c7</wp:meta_key>
			<wp:meta_value><![CDATA[a:11:{s:3:"key";s:19:"field_5645aac3bd7c7";s:5:"label";s:12:"PIC（MAP）";s:4:"name";s:7:"pic_map";s:4:"type";s:5:"image";s:12:"instructions";s:0:"";s:8:"required";s:1:"0";s:11:"save_format";s:2:"id";s:12:"preview_size";s:4:"full";s:7:"library";s:3:"all";s:17:"conditional_logic";a:3:{s:6:"status";s:1:"0";s:5:"rules";a:1:{i:0;a:3:{s:5:"field";s:19:"field_5645a7d0dae73";s:8:"operator";s:2:"==";s:5:"value";s:36:"สำนักงานใหญ่";}}s:8:"allorany";s:3:"all";}s:8:"order_no";i:4;}]]></wp:meta_value>
		</wp:postmeta>
		<wp:postmeta>
			<wp:meta_key>rule</wp:meta_key>
			<wp:meta_value><![CDATA[a:5:{s:5:"param";s:9:"post_type";s:8:"operator";s:2:"==";s:5:"value";s:13:"service-point";s:8:"order_no";i:0;s:8:"group_no";i:0;}]]></wp:meta_value>
		</wp:postmeta>
	</item>
	<item>
		<title>SP Service Point Box</title>
		<link>http://localhost.promise_cms/</link>
		<pubDate>Fri, 13 Nov 2015 09:22:38 +0000</pubDate>
		<dc:creator>admin</dc:creator>
		<guid isPermaLink="false">http://localhost.promise_cms/?post_type=acf&#038;p=335</guid>
		<wp:post_id>335</wp:post_id>
		<wp:post_date>2015-11-13 09:22:38</wp:post_date>
		<wp:post_date_gmt>2015-11-13 09:22:38</wp:post_date_gmt>
		<wp:comment_status>closed</wp:comment_status>
		<wp:ping_status>closed</wp:ping_status>
		<wp:post_name>acf_sp-service-point-box</wp:post_name>
		<wp:status>publish</wp:status>
		<wp:post_parent>0</wp:post_parent>
		<wp:menu_order>0</wp:menu_order>
		<wp:post_type>acf</wp:post_type>
		<wp:post_password></wp:post_password>
		<wp:postmeta>
			<wp:meta_key>_edit_last</wp:meta_key>
			<wp:meta_value><![CDATA[1]]></wp:meta_value>
		</wp:postmeta>
		<wp:postmeta>
			<wp:meta_key>field_5645ab2f596df</wp:meta_key>
			<wp:meta_value><![CDATA[a:12:{s:3:"key";s:19:"field_5645ab2f596df";s:5:"label";s:4:"Type";s:4:"name";s:4:"type";s:4:"type";s:6:"select";s:12:"instructions";s:0:"";s:8:"required";s:1:"0";s:7:"choices";a:3:{s:15:"HQ(call center)";s:15:"HQ(call center)";s:6:"Branch";s:6:"Branch";s:12:"Servicepoint";s:12:"Servicepoint";}s:13:"default_value";s:12:"Servicepoint";s:10:"allow_null";s:1:"0";s:8:"multiple";s:1:"0";s:17:"conditional_logic";a:3:{s:6:"status";s:1:"0";s:5:"rules";a:1:{i:0;a:2:{s:5:"field";s:4:"null";s:8:"operator";s:2:"==";}}s:8:"allorany";s:3:"all";}s:8:"order_no";i:0;}]]></wp:meta_value>
		</wp:postmeta>
		<wp:postmeta>
			<wp:meta_key>field_5645ab7e596e0</wp:meta_key>
			<wp:meta_value><![CDATA[a:15:{s:3:"key";s:19:"field_5645ab7e596e0";s:5:"label";s:8:"Latitude";s:4:"name";s:3:"lat";s:4:"type";s:6:"number";s:12:"instructions";s:0:"";s:8:"required";s:1:"1";s:13:"default_value";s:0:"";s:11:"placeholder";s:8:"Latitude";s:7:"prepend";s:0:"";s:6:"append";s:0:"";s:3:"min";s:0:"";s:3:"max";s:0:"";s:4:"step";s:0:"";s:17:"conditional_logic";a:3:{s:6:"status";s:1:"0";s:5:"rules";a:1:{i:0;a:3:{s:5:"field";s:19:"field_5645ab2f596df";s:8:"operator";s:2:"==";s:5:"value";s:15:"HQ(call center)";}}s:8:"allorany";s:3:"all";}s:8:"order_no";i:1;}]]></wp:meta_value>
		</wp:postmeta>
		<wp:postmeta>
			<wp:meta_key>field_5645abb3596e1</wp:meta_key>
			<wp:meta_value><![CDATA[a:15:{s:3:"key";s:19:"field_5645abb3596e1";s:5:"label";s:9:"Longitude";s:4:"name";s:9:"longitude";s:4:"type";s:6:"number";s:12:"instructions";s:0:"";s:8:"required";s:1:"1";s:13:"default_value";s:0:"";s:11:"placeholder";s:9:"Longitude";s:7:"prepend";s:0:"";s:6:"append";s:0:"";s:3:"min";s:0:"";s:3:"max";s:0:"";s:4:"step";s:0:"";s:17:"conditional_logic";a:3:{s:6:"status";s:1:"0";s:5:"rules";a:1:{i:0;a:3:{s:5:"field";s:19:"field_5645ab2f596df";s:8:"operator";s:2:"==";s:5:"value";s:15:"HQ(call center)";}}s:8:"allorany";s:3:"all";}s:8:"order_no";i:2;}]]></wp:meta_value>
		</wp:postmeta>
		<wp:postmeta>
			<wp:meta_key>rule</wp:meta_key>
			<wp:meta_value><![CDATA[a:5:{s:5:"param";s:9:"post_type";s:8:"operator";s:2:"==";s:5:"value";s:13:"service-point";s:8:"order_no";i:0;s:8:"group_no";i:0;}]]></wp:meta_value>
		</wp:postmeta>
		<wp:postmeta>
			<wp:meta_key>position</wp:meta_key>
			<wp:meta_value><![CDATA[normal]]></wp:meta_value>
		</wp:postmeta>
		<wp:postmeta>
			<wp:meta_key>layout</wp:meta_key>
			<wp:meta_value><![CDATA[default]]></wp:meta_value>
		</wp:postmeta>
		<wp:postmeta>
			<wp:meta_key>hide_on_screen</wp:meta_key>
			<wp:meta_value><![CDATA[]]></wp:meta_value>
		</wp:postmeta>
		<wp:postmeta>
			<wp:meta_key>dfiFeatured</wp:meta_key>
			<wp:meta_value><![CDATA[a:1:{i:0;s:0:"";}]]></wp:meta_value>
		</wp:postmeta>
	</item>
</channel>
</rss>
